id,age,sex,region,income,married,children,car,saving_ac,current_ac,cross_sell
ID12101,48,MALE,INNER_CITY,17546,YES,1,NO,NO,NO,YES
ID12102,40,MALE,TOWN,30085.1,YES,3,NO,NO,YES,NO
ID12103,51,FEMALE,INNER_CITY,15461,YES,0,YES,YES,YES,NO
ID12104,23,MALE,TOWN,20375.4,YES,3,NO,NO,YES,NO
ID12105,57,FEMALE,RURAL,34166,YES,0,NO,YES,NO,NO
ID12106,48,FEMALE,TOWN,37869.6,YES,2,NO,NO,NO,YES
ID12107,22,MALE,RURAL,8877.07,NO,0,NO,NO,YES,YES
ID12108,58,MALE,TOWN,16194,YES,0,YES,YES,YES,NO
ID12109,37,FEMALE,SUBURBAN,25304.3,YES,2,YES,NO,NO,NO
ID12110,54,MALE,TOWN,24212.1,YES,2,YES,YES,YES,NO
ID12111,66,FEMALE,TOWN,59803.9,YES,0,NO,YES,YES,NO
ID12112,33,FEMALE,INNER_CITY,30809,NO,0,YES,YES,YES,NO
ID12113,44,FEMALE,RURAL,15735.8,YES,1,NO,NO,NO,YES
ID12114,66,FEMALE,TOWN,16921,YES,1,YES,YES,YES,YES
ID12115,35,MALE,RURAL,10024,YES,0,NO,YES,YES,NO
ID12116,38,FEMALE,INNER_CITY,39552,YES,0,YES,YES,YES,NO
ID12117,50,FEMALE,TOWN,17729.8,YES,2,NO,NO,NO,NO
ID12118,46,FEMALE,SUBURBAN,41016,YES,0,NO,YES,NO,NO
ID12119,62,FEMALE,INNER_CITY,26909.2,YES,0,NO,YES,YES,YES
ID12120,31,MALE,TOWN,22522.8,YES,0,YES,YES,YES,NO
ID12121,37,MALE,INNER_CITY,42192,YES,2,NO,NO,NO,YES
ID12122,40,MALE,TOWN,16497.3,YES,2,NO,YES,YES,NO
ID12123,54,MALE,INNER_CITY,38446.6,YES,0,NO,NO,YES,NO
ID12124,27,FEMALE,TOWN,42376,NO,0,YES,YES,YES,NO
ID12125,35,MALE,TOWN,12640.3,NO,2,YES,YES,YES,NO
ID12126,56,MALE,INNER_CITY,33993,YES,0,YES,YES,YES,NO
ID12127,45,MALE,RURAL,20809.7,YES,0,NO,NO,YES,NO
ID12128,39,FEMALE,TOWN,20114,YES,1,NO,NO,YES,YES
ID12129,39,FEMALE,INNER_CITY,29359.1,YES,4,YES,YES,YES,NO
ID12130,61,MALE,RURAL,24270.1,YES,1,NO,NO,NO,YES
ID12131,61,MALE,INNER_CITY,22942.9,YES,2,NO,YES,YES,NO
ID12132,32,FEMALE,TOWN,16325.8,YES,2,NO,NO,NO,NO
ID12133,45,MALE,TOWN,23443.2,YES,1,YES,YES,YES,YES
ID12134,33,FEMALE,INNER_CITY,29921.3,NO,3,YES,YES,NO,NO
ID12135,43,MALE,SUBURBAN,37521.9,NO,0,NO,YES,YES,YES
ID12136,27,FEMALE,INNER_CITY,19868,YES,2,NO,YES,YES,NO
ID12137,19,MALE,RURAL,10953,YES,3,YES,YES,YES,NO
ID12138,36,MALE,RURAL,13381,NO,0,YES,YES,YES,YES
ID12139,43,FEMALE,TOWN,18504.3,YES,0,YES,YES,YES,NO
ID12140,66,FEMALE,SUBURBAN,41995,NO,2,NO,NO,YES,NO
ID12141,55,MALE,TOWN,26774.2,YES,0,NO,NO,YES,YES
ID12142,47,FEMALE,INNER_CITY,26952.6,YES,3,YES,YES,YES,NO
ID12143,67,MALE,TOWN,33441,YES,2,NO,YES,NO,YES
ID12144,32,FEMALE,TOWN,45962,YES,0,YES,YES,YES,NO
ID12145,26,MALE,INNER_CITY,18405,YES,3,YES,YES,YES,NO
ID12146,64,MALE,RURAL,52670.6,YES,2,NO,NO,YES,YES
ID12147,50,FEMALE,INNER_CITY,13283.9,NO,1,YES,YES,YES,YES
ID12148,29,FEMALE,INNER_CITY,10229,NO,2,NO,YES,YES,YES
ID12149,50,FEMALE,INNER_CITY,39547.8,NO,2,NO,NO,NO,YES
ID12150,49,FEMALE,RURAL,17867.3,YES,2,YES,YES,NO,NO
ID12151,24,FEMALE,TOWN,40169,NO,2,YES,YES,NO,NO
ID12152,36,MALE,TOWN,23894.8,YES,0,NO,NO,NO,NO
ID12153,43,MALE,TOWN,16259.7,YES,2,YES,YES,YES,YES
ID12154,48,MALE,SUBURBAN,29794.1,NO,0,NO,NO,YES,YES
ID12155,33,MALE,RURAL,56842.5,YES,0,NO,YES,YES,NO
ID12156,31,FEMALE,RURAL,47835.8,NO,3,NO,YES,YES,YES
ID12157,32,FEMALE,INNER_CITY,24977.5,NO,0,NO,NO,YES,YES
ID12158,33,MALE,INNER_CITY,33539,YES,0,YES,YES,YES,YES
ID12159,29,FEMALE,INNER_CITY,15143.8,NO,0,NO,NO,YES,NO
ID12160,35,MALE,TOWN,41651,NO,1,YES,YES,YES,YES
ID12161,42,FEMALE,INNER_CITY,24763.3,YES,1,NO,YES,YES,YES
ID12162,65,FEMALE,INNER_CITY,49453,NO,1,YES,NO,YES,YES
ID12163,48,FEMALE,INNER_CITY,27022.6,YES,2,YES,YES,YES,NO
ID12164,31,MALE,RURAL,11700.4,YES,0,NO,YES,NO,NO
ID12165,31,FEMALE,TOWN,5014.21,NO,0,YES,YES,YES,NO
ID12166,34,MALE,RURAL,15075,NO,0,NO,YES,YES,NO
ID12167,19,MALE,TOWN,35506,YES,2,NO,YES,YES,NO
ID12168,41,FEMALE,TOWN,34892.9,NO,0,NO,YES,YES,NO
ID12169,30,MALE,TOWN,19403.1,NO,2,NO,YES,YES,NO
ID12170,31,FEMALE,RURAL,15119,YES,2,YES,YES,YES,YES
ID12171,25,FEMALE,INNER_CITY,14064.9,YES,3,YES,YES,YES,NO
ID12172,21,MALE,INNER_CITY,8062.73,NO,0,NO,NO,YES,YES
ID12173,36,MALE,INNER_CITY,23461,YES,3,YES,YES,YES,YES
ID12174,58,FEMALE,INNER_CITY,23197.5,YES,2,YES,YES,NO,NO
ID12175,46,FEMALE,INNER_CITY,52674,NO,2,YES,YES,YES,YES
ID12176,26,MALE,RURAL,35610.5,NO,0,YES,NO,NO,YES
ID12177,45,FEMALE,TOWN,15867,NO,0,NO,YES,YES,NO
ID12178,61,MALE,INNER_CITY,49456.7,YES,1,YES,YES,YES,YES
ID12179,30,FEMALE,INNER_CITY,14724.5,NO,0,NO,NO,YES,NO
ID12180,58,FEMALE,TOWN,34524.9,YES,1,YES,YES,NO,YES
ID12181,50,MALE,TOWN,22052.1,YES,2,NO,YES,NO,YES
ID12182,27,MALE,INNER_CITY,27808.1,NO,3,NO,NO,YES,NO
ID12183,29,FEMALE,INNER_CITY,12591.4,YES,1,NO,YES,YES,NO
ID12184,35,MALE,INNER_CITY,23763,YES,1,NO,YES,NO,YES
ID12185,62,MALE,INNER_CITY,16054,YES,2,NO,NO,YES,YES
ID12186,36,MALE,INNER_CITY,31683.1,YES,1,YES,YES,YES,YES
ID12187,25,FEMALE,RURAL,15525,YES,3,NO,YES,YES,NO
ID12188,30,FEMALE,TOWN,22562.2,NO,0,YES,YES,YES,NO
ID12189,30,MALE,SUBURBAN,15848.7,YES,0,NO,YES,NO,NO
ID12190,54,FEMALE,INNER_CITY,31095.6,YES,2,NO,NO,NO,YES
ID12191,37,MALE,TOWN,24814.5,YES,0,YES,NO,YES,YES
ID12192,28,FEMALE,INNER_CITY,25429.3,NO,2,NO,YES,YES,NO
ID12193,53,FEMALE,RURAL,34866.5,NO,0,NO,NO,YES,YES
ID12194,61,MALE,INNER_CITY,42579.1,YES,2,YES,YES,YES,NO
ID12195,61,MALE,INNER_CITY,41127.4,YES,0,NO,YES,NO,NO
ID12196,18,FEMALE,INNER_CITY,9990.11,YES,0,NO,YES,NO,NO
ID12197,22,MALE,RURAL,7948.62,YES,1,NO,NO,NO,NO
ID12198,34,MALE,TOWN,30870.8,YES,2,YES,YES,NO,YES
ID12199,30,FEMALE,INNER_CITY,12125.8,NO,2,NO,YES,YES,NO
ID12200,18,FEMALE,RURAL,15348.9,YES,1,YES,NO,YES,NO
ID12201,27,FEMALE,INNER_CITY,17478,YES,2,NO,YES,NO,YES
ID12202,27,FEMALE,INNER_CITY,36935,YES,2,YES,YES,NO,NO
ID12203,42,MALE,INNER_CITY,15499.9,YES,0,YES,NO,YES,YES
ID12204,43,FEMALE,TOWN,33088.5,NO,0,NO,YES,NO,NO
ID12205,64,FEMALE,INNER_CITY,34513.6,YES,1,NO,YES,NO,YES
ID12206,43,MALE,TOWN,33355,YES,3,NO,YES,YES,NO
ID12207,38,MALE,RURAL,27339,YES,0,NO,YES,NO,NO
ID12208,23,MALE,INNER_CITY,48938,NO,0,YES,NO,YES,NO
ID12209,23,FEMALE,INNER_CITY,12681.9,NO,0,NO,YES,YES,YES
ID12210,30,FEMALE,INNER_CITY,24031.5,YES,2,YES,YES,YES,NO
ID12211,36,MALE,TOWN,37330.5,YES,2,NO,NO,YES,YES
ID12212,34,FEMALE,INNER_CITY,25333.2,YES,3,YES,NO,NO,NO
ID12213,51,FEMALE,INNER_CITY,37094.2,YES,0,YES,YES,YES,NO
ID12214,36,MALE,TOWN,33630.6,YES,2,YES,YES,YES,YES
ID12215,56,MALE,INNER_CITY,43228.2,YES,2,YES,YES,YES,YES
ID12216,54,FEMALE,INNER_CITY,47796.8,YES,0,YES,YES,NO,NO
ID12217,56,FEMALE,TOWN,21730.3,YES,2,NO,YES,NO,NO
ID12218,26,MALE,INNER_CITY,10044.1,YES,3,NO,NO,NO,NO
ID12219,39,MALE,TOWN,17270.1,YES,0,YES,NO,NO,YES
ID12220,64,FEMALE,TOWN,45765,YES,2,YES,YES,YES,YES
ID12221,46,MALE,RURAL,29525.5,NO,2,NO,YES,NO,NO
ID12222,62,FEMALE,RURAL,54863.8,YES,0,YES,YES,YES,YES
ID12223,36,FEMALE,TOWN,41395,YES,2,NO,YES,NO,YES
ID12224,35,FEMALE,RURAL,33028.3,NO,1,YES,YES,YES,YES
ID12225,47,MALE,RURAL,45031.9,NO,3,YES,YES,NO,YES
ID12226,47,MALE,INNER_CITY,39010.8,YES,2,NO,NO,YES,YES
ID12227,37,FEMALE,TOWN,25257.7,YES,0,YES,YES,YES,NO
ID12228,48,FEMALE,INNER_CITY,42603.9,YES,0,NO,YES,YES,NO
ID12229,41,MALE,TOWN,14092.7,YES,3,YES,YES,YES,NO
ID12230,27,FEMALE,RURAL,20867,NO,0,YES,YES,YES,YES
ID12231,43,MALE,INNER_CITY,23246.4,YES,2,NO,NO,YES,NO
ID12232,61,MALE,RURAL,41609.5,YES,3,YES,YES,YES,NO
ID12233,52,FEMALE,SUBURBAN,16716.1,NO,0,YES,YES,YES,NO
ID12234,64,FEMALE,SUBURBAN,36436.4,YES,0,YES,NO,YES,NO
ID12235,66,MALE,TOWN,59503.8,YES,2,YES,YES,YES,YES
ID12236,53,FEMALE,TOWN,31334.8,YES,1,YES,YES,NO,YES
ID12237,20,FEMALE,INNER_CITY,36403,YES,2,YES,NO,YES,NO
ID12238,32,FEMALE,INNER_CITY,39205.3,NO,0,NO,YES,YES,YES
ID12239,65,FEMALE,RURAL,47944,YES,1,YES,YES,YES,NO
ID12240,27,FEMALE,INNER_CITY,55263,NO,1,NO,YES,YES,YES
ID12241,52,MALE,INNER_CITY,37095.2,YES,3,NO,YES,YES,NO
ID12242,47,FEMALE,INNER_CITY,22791.4,YES,0,NO,NO,YES,NO
ID12243,28,FEMALE,TOWN,17240.6,YES,1,YES,NO,NO,NO
ID12244,64,MALE,TOWN,14622,YES,1,YES,YES,YES,NO
ID12245,25,MALE,INNER_CITY,43067,YES,1,NO,YES,YES,YES
ID12246,58,MALE,SUBURBAN,20443,YES,0,NO,YES,YES,YES
ID12247,34,MALE,TOWN,20236.2,YES,2,NO,NO,YES,NO
ID12248,44,FEMALE,RURAL,18860.3,NO,0,NO,NO,NO,NO
ID12249,47,MALE,RURAL,25732.5,YES,0,YES,YES,YES,NO
ID12250,46,FEMALE,TOWN,28240.4,YES,1,YES,YES,YES,NO
ID12251,53,MALE,RURAL,28193.6,YES,0,YES,YES,YES,YES
ID12252,43,MALE,TOWN,36432.8,YES,2,NO,NO,NO,YES
ID12253,63,MALE,RURAL,43185,YES,2,NO,YES,NO,YES
ID12254,33,MALE,INNER_CITY,24760.8,YES,1,NO,YES,YES,YES
ID12255,41,MALE,RURAL,23356.1,NO,0,YES,NO,NO,NO
ID12256,20,FEMALE,SUBURBAN,8143.75,YES,2,NO,YES,YES,YES
ID12257,50,MALE,TOWN,48346,YES,1,YES,YES,YES,NO
ID12258,24,MALE,RURAL,20467.3,NO,0,YES,YES,YES,NO
ID12259,60,FEMALE,TOWN,21506.2,YES,3,NO,NO,YES,YES
ID12260,43,MALE,TOWN,15315.3,YES,1,NO,YES,YES,YES
ID12261,23,MALE,INNER_CITY,18875.7,YES,2,YES,YES,YES,NO
ID12262,40,FEMALE,INNER_CITY,12977.2,YES,0,YES,NO,NO,NO
ID12263,49,FEMALE,TOWN,20708.5,NO,3,NO,NO,YES,NO
ID12264,21,FEMALE,TOWN,7549.38,NO,1,YES,NO,YES,NO
ID12265,49,FEMALE,INNER_CITY,24904,YES,0,NO,NO,NO,NO
ID12266,26,MALE,RURAL,24071.8,YES,1,NO,NO,YES,YES
ID12267,20,MALE,TOWN,9589.91,NO,1,NO,YES,YES,NO
ID12268,24,MALE,RURAL,8562.86,NO,1,NO,NO,NO,NO
ID12269,37,FEMALE,TOWN,46118,NO,0,YES,YES,YES,NO
ID12270,45,MALE,INNER_CITY,34020.5,YES,0,NO,NO,YES,NO
ID12271,40,MALE,INNER_CITY,40994,YES,0,YES,YES,YES,NO
ID12272,22,MALE,INNER_CITY,19726.3,YES,2,NO,NO,NO,NO
ID12273,30,MALE,INNER_CITY,24346.6,YES,3,YES,YES,YES,NO
ID12274,34,MALE,RURAL,26999.4,YES,3,YES,YES,YES,YES
ID12275,67,MALE,TOWN,41558.1,YES,2,NO,YES,YES,YES
ID12276,58,FEMALE,INNER_CITY,56340.3,NO,0,YES,YES,YES,YES
ID12277,40,MALE,TOWN,37558.5,YES,0,YES,YES,YES,NO
ID12278,50,FEMALE,INNER_CITY,30099.3,YES,0,YES,YES,YES,YES
ID12279,43,MALE,INNER_CITY,15254.8,YES,0,NO,NO,NO,YES
ID12280,46,MALE,RURAL,36086.1,YES,2,NO,NO,YES,YES
ID12281,38,FEMALE,RURAL,17655,YES,1,NO,YES,YES,YES
ID12282,35,MALE,RURAL,56658.9,NO,0,NO,YES,YES,YES
ID12283,65,FEMALE,INNER_CITY,37706.5,YES,0,YES,YES,YES,NO
ID12284,48,FEMALE,INNER_CITY,18516,YES,2,YES,YES,YES,NO
ID12285,38,FEMALE,INNER_CITY,29622,YES,2,YES,YES,NO,NO
ID12286,49,MALE,RURAL,32669.9,YES,1,YES,YES,YES,YES
ID12287,20,FEMALE,INNER_CITY,18275.5,YES,1,NO,NO,NO,YES
ID12288,45,FEMALE,TOWN,34410,YES,3,NO,NO,YES,YES
ID12289,38,MALE,INNER_CITY,37878,YES,2,YES,YES,YES,NO
ID12290,41,FEMALE,INNER_CITY,21796.6,YES,0,NO,NO,YES,NO
ID12291,67,FEMALE,TOWN,63130.1,YES,2,YES,YES,YES,YES
ID12292,39,FEMALE,INNER_CITY,14996.4,YES,1,YES,YES,NO,NO
ID12293,64,FEMALE,RURAL,49024.9,YES,3,NO,NO,YES,YES
ID12294,41,MALE,INNER_CITY,16249.8,YES,0,YES,YES,YES,YES
ID12295,55,MALE,TOWN,36192.1,YES,2,YES,NO,YES,YES
ID12296,40,FEMALE,INNER_CITY,17839.9,YES,1,NO,YES,NO,YES
ID12297,34,FEMALE,INNER_CITY,18802.4,NO,0,NO,NO,YES,YES
ID12298,52,FEMALE,INNER_CITY,20730,YES,1,YES,YES,YES,YES
ID12299,26,MALE,INNER_CITY,14585.9,YES,2,NO,NO,NO,NO
ID12300,26,FEMALE,INNER_CITY,20819,YES,0,NO,YES,YES,YES
ID12301,46,FEMALE,TOWN,26077.8,YES,0,YES,YES,YES,YES
ID12302,46,FEMALE,TOWN,41627.1,YES,0,NO,YES,YES,NO
ID12303,52,FEMALE,INNER_CITY,16977.3,YES,0,NO,NO,YES,NO
ID12304,37,MALE,INNER_CITY,19012.8,NO,3,YES,NO,YES,NO
ID12305,22,FEMALE,INNER_CITY,43638,YES,1,NO,NO,YES,YES
ID12306,18,MALE,TOWN,14388.6,NO,0,YES,YES,YES,YES
ID12307,63,FEMALE,INNER_CITY,59409.1,YES,0,YES,YES,YES,YES
ID12308,25,FEMALE,RURAL,14960.2,YES,0,NO,YES,YES,NO
ID12309,67,MALE,TOWN,39666.6,YES,0,YES,YES,YES,NO
ID12310,27,MALE,INNER_CITY,20771.9,NO,0,NO,YES,NO,YES
ID12311,61,MALE,INNER_CITY,24474.1,NO,0,YES,NO,NO,YES
ID12312,45,FEMALE,TOWN,33123.7,YES,1,YES,YES,YES,YES
ID12313,22,MALE,INNER_CITY,10803,YES,0,YES,YES,YES,YES
ID12314,28,MALE,RURAL,13175.5,NO,1,NO,NO,YES,YES
ID12315,23,FEMALE,INNER_CITY,9824.37,YES,2,YES,YES,YES,NO
ID12316,27,MALE,SUBURBAN,48811,YES,0,NO,YES,YES,NO
ID12317,27,FEMALE,SUBURBAN,15156.2,YES,0,YES,NO,YES,NO
ID12318,40,FEMALE,INNER_CITY,31774.1,YES,3,YES,YES,YES,NO
ID12319,39,MALE,TOWN,35519,YES,4,YES,YES,NO,YES
ID12320,35,MALE,INNER_CITY,28598.7,YES,0,YES,YES,YES,NO
ID12321,37,FEMALE,INNER_CITY,26261.7,YES,2,YES,YES,NO,NO
ID12322,47,MALE,INNER_CITY,42124.1,YES,0,NO,NO,YES,YES
ID12323,31,FEMALE,INNER_CITY,39308.7,YES,1,NO,NO,NO,YES
ID12324,67,FEMALE,INNER_CITY,43530,YES,3,NO,YES,NO,NO
ID12325,57,MALE,RURAL,34023,YES,0,NO,YES,YES,YES
ID12326,47,MALE,RURAL,27434.8,NO,0,YES,YES,NO,YES
ID12327,67,MALE,TOWN,50474.6,YES,2,YES,YES,YES,YES
ID12328,56,MALE,TOWN,24888.2,YES,0,NO,YES,YES,YES
ID12329,25,MALE,TOWN,26115,NO,0,YES,NO,YES,YES
ID12330,27,MALE,INNER_CITY,12279.5,NO,0,YES,NO,NO,YES
ID12331,49,FEMALE,INNER_CITY,30189.4,YES,0,YES,NO,YES,YES
ID12332,34,MALE,INNER_CITY,28969.4,NO,1,NO,NO,YES,NO
ID12333,31,MALE,SUBURBAN,17255,YES,0,NO,NO,YES,YES
ID12334,41,FEMALE,TOWN,30404.3,YES,0,YES,YES,YES,NO
ID12335,57,FEMALE,RURAL,41720,NO,3,NO,YES,NO,NO
ID12336,49,MALE,RURAL,11767,YES,1,NO,YES,YES,YES
ID12337,65,MALE,TOWN,52255.9,NO,2,YES,YES,YES,YES
ID12338,22,FEMALE,INNER_CITY,17866.9,YES,2,NO,YES,YES,NO
ID12339,35,FEMALE,SUBURBAN,19984,YES,2,NO,NO,NO,NO
ID12340,23,MALE,INNER_CITY,12823.7,YES,0,YES,YES,YES,NO
ID12341,26,FEMALE,RURAL,11299.3,YES,2,YES,NO,NO,NO
ID12342,50,FEMALE,INNER_CITY,32356,NO,0,NO,NO,YES,YES
ID12343,67,MALE,INNER_CITY,43069,YES,1,YES,YES,YES,YES
ID12344,49,FEMALE,INNER_CITY,19968.1,YES,2,YES,YES,YES,NO
ID12345,50,MALE,RURAL,40886,YES,2,YES,YES,NO,NO
ID12346,46,MALE,SUBURBAN,37773.9,NO,0,YES,YES,NO,NO
ID12347,23,FEMALE,INNER_CITY,7606.25,NO,0,YES,YES,NO,NO
ID12348,26,MALE,RURAL,21384.4,YES,0,YES,NO,YES,NO
ID12349,40,MALE,TOWN,20347,YES,3,NO,YES,YES,NO
ID12350,36,MALE,TOWN,21332.3,YES,3,YES,NO,YES,NO
ID12351,65,MALE,INNER_CITY,57671.7,NO,0,NO,YES,YES,NO
ID12352,26,FEMALE,TOWN,36057.8,YES,1,YES,YES,NO,YES
ID12353,23,MALE,SUBURBAN,14290.5,YES,2,YES,NO,YES,NO
ID12354,42,FEMALE,TOWN,44704,YES,1,NO,NO,NO,YES
ID12355,21,FEMALE,RURAL,39871,NO,3,YES,YES,YES,NO
ID12356,62,FEMALE,INNER_CITY,24262.8,YES,0,YES,NO,NO,YES
ID12357,49,FEMALE,SUBURBAN,14123,NO,2,NO,YES,YES,NO
ID12358,28,FEMALE,TOWN,23371,YES,2,NO,NO,YES,NO
ID12359,38,FEMALE,TOWN,21495.6,NO,0,NO,NO,YES,NO
ID12360,36,MALE,TOWN,12166.9,NO,0,YES,NO,NO,NO
ID12361,22,MALE,SUBURBAN,17180.2,YES,0,NO,YES,YES,NO
ID12362,40,MALE,TOWN,28882.3,YES,1,NO,YES,YES,YES
ID12363,45,FEMALE,TOWN,21612.2,YES,0,NO,NO,YES,NO
ID12364,60,FEMALE,TOWN,46358.4,YES,0,YES,YES,YES,NO
ID12365,23,MALE,INNER_CITY,19166,NO,0,YES,YES,NO,YES
ID12366,21,MALE,INNER_CITY,17921.8,YES,1,NO,NO,NO,YES
ID12367,40,MALE,TOWN,28211,NO,0,YES,YES,NO,YES
ID12368,48,FEMALE,SUBURBAN,30396.1,NO,0,NO,YES,YES,YES
ID12369,63,FEMALE,SUBURBAN,34625.2,YES,1,YES,NO,NO,NO
ID12370,20,MALE,TOWN,39786,NO,3,YES,NO,NO,NO
ID12371,67,FEMALE,RURAL,60747.5,NO,2,NO,YES,YES,YES
ID12372,62,FEMALE,INNER_CITY,56394.3,NO,0,YES,YES,YES,YES
ID12373,36,MALE,TOWN,13236.4,NO,0,NO,YES,YES,NO
ID12374,31,MALE,INNER_CITY,28409.4,YES,1,NO,NO,YES,YES
ID12375,42,FEMALE,INNER_CITY,27056.5,YES,0,NO,YES,YES,NO
ID12376,18,MALE,RURAL,9362.58,YES,0,YES,NO,YES,YES
ID12377,46,FEMALE,SUBURBAN,28702.7,YES,1,NO,YES,YES,YES
ID12378,25,MALE,TOWN,22366.1,YES,1,YES,YES,YES,YES
ID12379,65,FEMALE,TOWN,24477.5,NO,0,NO,YES,NO,NO
ID12380,31,MALE,TOWN,36972.4,YES,0,NO,NO,YES,YES
ID12381,32,MALE,INNER_CITY,22327.8,YES,0,NO,NO,NO,YES
ID12382,42,FEMALE,INNER_CITY,15610.2,YES,0,NO,YES,YES,NO
ID12383,41,MALE,INNER_CITY,54314.5,YES,1,NO,YES,NO,YES
ID12384,43,FEMALE,INNER_CITY,29964,YES,3,NO,YES,NO,NO
ID12385,22,FEMALE,INNER_CITY,14984,YES,3,NO,YES,YES,NO
ID12386,25,MALE,TOWN,9485.84,YES,0,NO,NO,NO,NO
ID12387,39,FEMALE,TOWN,24675.7,YES,1,NO,YES,YES,YES
ID12388,58,FEMALE,INNER_CITY,23442,YES,3,NO,NO,YES,NO
ID12389,33,MALE,INNER_CITY,48196,YES,1,NO,YES,NO,NO
ID12390,52,FEMALE,RURAL,37162.1,YES,1,YES,YES,YES,YES
ID12391,23,MALE,INNER_CITY,13921,NO,0,NO,YES,YES,YES
ID12392,44,FEMALE,SUBURBAN,39253.6,NO,0,YES,YES,NO,YES
ID12393,51,MALE,RURAL,46323.8,YES,2,YES,YES,NO,YES
ID12394,26,FEMALE,TOWN,20950.7,YES,0,YES,YES,NO,NO
ID12395,42,MALE,TOWN,32701,YES,0,NO,NO,NO,NO
ID12396,34,MALE,TOWN,32548.9,YES,0,YES,YES,YES,NO
ID12397,39,FEMALE,RURAL,24583.4,YES,3,YES,YES,YES,NO
ID12398,18,MALE,RURAL,8639.24,YES,2,NO,NO,NO,NO
ID12399,47,FEMALE,INNER_CITY,17139.5,NO,2,YES,NO,YES,NO
ID12400,35,FEMALE,INNER_CITY,13667.7,NO,0,NO,YES,YES,NO
ID12401,19,FEMALE,INNER_CITY,8162.42,YES,1,YES,YES,YES,NO
ID12402,37,FEMALE,TOWN,15349.6,YES,0,NO,NO,NO,NO
ID12403,40,FEMALE,TOWN,36761,YES,0,NO,YES,NO,NO
ID12404,49,MALE,RURAL,34533,YES,3,YES,YES,YES,NO
ID12405,67,FEMALE,RURAL,57398.1,NO,3,NO,YES,YES,YES
ID12406,43,FEMALE,RURAL,11520.8,YES,3,NO,NO,NO,NO
ID12407,63,MALE,INNER_CITY,52117.3,YES,2,YES,YES,YES,YES
ID12408,38,MALE,RURAL,26281.4,NO,0,YES,YES,YES,YES
ID12409,48,MALE,TOWN,45028,YES,2,NO,NO,YES,NO
ID12410,30,FEMALE,INNER_CITY,11920.7,NO,1,NO,YES,YES,NO
ID12411,46,MALE,TOWN,23987,YES,2,NO,YES,NO,NO
ID12412,66,MALE,INNER_CITY,36646.4,NO,1,NO,YES,YES,YES
ID12413,61,FEMALE,SUBURBAN,29859,NO,2,YES,NO,YES,YES
ID12414,27,FEMALE,RURAL,16109.9,NO,0,YES,YES,YES,NO
ID12415,54,FEMALE,TOWN,40790,YES,0,YES,YES,NO,NO
ID12416,45,MALE,SUBURBAN,42628.3,NO,0,YES,YES,YES,NO
ID12417,60,MALE,INNER_CITY,22110.1,YES,2,YES,YES,NO,NO
ID12418,45,FEMALE,RURAL,37689.1,NO,0,NO,YES,NO,YES
ID12419,31,FEMALE,INNER_CITY,23171.8,NO,0,NO,YES,NO,NO
ID12420,39,MALE,SUBURBAN,21951.3,NO,0,YES,YES,YES,NO
ID12421,48,MALE,INNER_CITY,38103.4,YES,2,YES,YES,NO,YES
ID12422,35,MALE,SUBURBAN,22882.9,YES,0,YES,NO,NO,YES
ID12423,27,FEMALE,TOWN,29900,YES,1,YES,YES,NO,NO
ID12424,32,MALE,TOWN,24027.6,NO,0,NO,YES,NO,YES
ID12425,36,MALE,SUBURBAN,28495.1,YES,0,NO,YES,YES,NO
ID12426,24,FEMALE,TOWN,9465.21,NO,0,NO,NO,YES,YES
ID12427,28,MALE,INNER_CITY,34852.3,YES,2,NO,YES,NO,YES
ID12428,24,MALE,INNER_CITY,21268.4,YES,0,NO,NO,NO,YES
ID12429,57,FEMALE,RURAL,38595,NO,1,NO,YES,NO,YES
ID12430,27,FEMALE,RURAL,18555.9,YES,3,NO,NO,NO,NO
ID12431,39,FEMALE,RURAL,52769.9,YES,3,YES,YES,YES,YES
ID12432,18,MALE,INNER_CITY,11601.4,YES,2,NO,NO,NO,NO
ID12433,33,FEMALE,TOWN,14682,YES,0,NO,NO,NO,NO
ID12434,48,MALE,SUBURBAN,17861,YES,2,NO,YES,YES,NO
ID12435,23,MALE,SUBURBAN,21042,YES,1,NO,NO,YES,YES
ID12436,28,MALE,RURAL,26688.1,YES,1,NO,YES,NO,YES
ID12437,39,MALE,INNER_CITY,36460,YES,2,NO,NO,NO,NO
ID12438,65,MALE,INNER_CITY,38080.9,YES,1,YES,YES,NO,NO
ID12439,60,MALE,TOWN,37554.1,YES,0,NO,YES,YES,YES
ID12440,20,MALE,INNER_CITY,18184.6,YES,3,NO,NO,NO,YES
ID12441,45,FEMALE,SUBURBAN,28864.9,YES,0,NO,YES,YES,NO
ID12442,66,MALE,SUBURBAN,48346.1,YES,1,YES,YES,NO,YES
ID12443,64,MALE,INNER_CITY,15597,YES,0,YES,YES,YES,NO
ID12444,51,FEMALE,INNER_CITY,19416.8,YES,0,NO,YES,YES,NO
ID12445,34,MALE,SUBURBAN,23638.1,YES,0,YES,YES,YES,NO
ID12446,34,FEMALE,RURAL,42378.2,YES,1,NO,NO,YES,YES
ID12447,39,MALE,RURAL,16972,YES,0,YES,YES,YES,NO
ID12448,66,FEMALE,INNER_CITY,45189.8,YES,0,NO,NO,NO,NO
ID12449,63,MALE,INNER_CITY,37930.9,YES,3,NO,NO,NO,NO
ID12450,36,FEMALE,TOWN,21168,NO,1,YES,NO,YES,YES
ID12451,33,FEMALE,INNER_CITY,31207.1,NO,0,YES,NO,YES,YES
ID12452,38,FEMALE,RURAL,24424.3,YES,0,NO,YES,YES,NO
ID12453,56,FEMALE,RURAL,24607.8,NO,1,NO,YES,YES,NO
ID12454,48,MALE,TOWN,44413,NO,1,YES,YES,YES,YES
ID12455,49,FEMALE,SUBURBAN,30198.5,YES,0,YES,YES,YES,YES
ID12456,54,FEMALE,RURAL,50186.1,YES,2,NO,YES,YES,YES
ID12457,41,FEMALE,SUBURBAN,22916.1,YES,3,NO,NO,NO,NO
ID12458,32,MALE,RURAL,9592.73,NO,0,NO,NO,YES,YES
ID12459,52,FEMALE,SUBURBAN,34253.6,YES,3,YES,NO,YES,NO
ID12460,52,FEMALE,INNER_CITY,22792.3,YES,1,YES,YES,YES,YES
ID12461,64,FEMALE,TOWN,51620.8,YES,2,YES,YES,YES,YES
ID12462,56,FEMALE,TOWN,19918.9,YES,3,NO,YES,YES,NO
ID12463,56,MALE,TOWN,29625.1,YES,2,NO,NO,NO,NO
ID12464,19,FEMALE,TOWN,12549,YES,0,NO,YES,YES,NO
ID12465,56,FEMALE,TOWN,51299.3,YES,1,YES,YES,NO,YES
ID12466,27,MALE,INNER_CITY,34857,YES,2,YES,YES,NO,YES
ID12467,59,MALE,INNER_CITY,29866.9,YES,1,YES,NO,YES,YES
ID12468,46,MALE,SUBURBAN,47750.2,YES,0,YES,YES,YES,NO
ID12469,21,MALE,TOWN,11281.5,YES,0,NO,NO,YES,NO
ID12470,29,MALE,INNER_CITY,34073.8,YES,3,YES,YES,NO,NO
ID12471,62,MALE,INNER_CITY,46870.4,YES,0,NO,YES,YES,NO
ID12472,44,FEMALE,INNER_CITY,38453.7,NO,2,NO,YES,YES,YES
ID12473,24,MALE,INNER_CITY,7756.36,NO,0,NO,NO,NO,YES
ID12474,52,FEMALE,RURAL,28413.8,YES,0,NO,NO,YES,NO
ID12475,67,FEMALE,SUBURBAN,45001,YES,2,NO,YES,YES,YES
ID12476,41,MALE,INNER_CITY,40664,YES,0,YES,YES,YES,NO
ID12477,58,FEMALE,TOWN,33204.3,NO,1,NO,NO,NO,YES
ID12478,40,MALE,INNER_CITY,24823.5,NO,2,NO,NO,YES,NO
ID12479,19,MALE,SUBURBAN,17986.8,YES,0,NO,NO,YES,YES
ID12480,20,FEMALE,INNER_CITY,9909.82,YES,3,NO,NO,YES,NO
ID12481,56,FEMALE,TOWN,26542.8,YES,0,YES,YES,YES,YES
ID12482,39,FEMALE,INNER_CITY,30924,YES,2,YES,YES,YES,NO
ID12483,30,MALE,INNER_CITY,14606.6,NO,0,NO,NO,YES,NO
ID12484,40,FEMALE,SUBURBAN,34836.8,YES,1,YES,YES,YES,YES
ID12485,36,FEMALE,TOWN,26920.8,NO,0,NO,NO,YES,NO
ID12486,35,FEMALE,SUBURBAN,38248.3,NO,0,YES,NO,YES,NO
ID12487,49,MALE,INNER_CITY,15689.1,NO,0,NO,NO,YES,NO
ID12488,61,MALE,INNER_CITY,30157.7,NO,1,YES,NO,NO,YES
ID12489,29,MALE,INNER_CITY,14642.2,NO,0,YES,YES,YES,YES
ID12490,48,FEMALE,INNER_CITY,15933.3,YES,0,NO,YES,NO,NO
ID12491,56,FEMALE,RURAL,44288.3,YES,1,NO,YES,YES,NO
ID12492,39,MALE,TOWN,22197.1,NO,0,YES,YES,YES,YES
ID12493,58,FEMALE,TOWN,38248.3,YES,3,YES,YES,YES,NO
ID12494,39,FEMALE,SUBURBAN,22053.2,YES,2,YES,YES,NO,NO
ID12495,27,FEMALE,SUBURBAN,25468.5,NO,0,YES,NO,NO,YES
ID12496,67,FEMALE,TOWN,23485.9,YES,3,YES,NO,NO,NO
ID12497,40,MALE,RURAL,25768.6,YES,0,YES,YES,NO,NO
ID12498,48,MALE,INNER_CITY,48895,YES,2,NO,YES,YES,YES
ID12499,64,FEMALE,INNER_CITY,57444.5,NO,0,NO,NO,YES,YES
ID12500,43,MALE,TOWN,38059.8,YES,0,YES,YES,NO,NO
ID12501,29,FEMALE,RURAL,19481.3,NO,0,NO,NO,YES,YES
ID12502,26,MALE,RURAL,19563.8,NO,3,YES,NO,NO,NO
ID12503,48,MALE,INNER_CITY,38598.4,YES,0,YES,NO,YES,NO
ID12504,35,MALE,RURAL,20754.3,NO,0,NO,NO,NO,YES
ID12505,24,FEMALE,RURAL,13864.6,YES,0,NO,NO,YES,YES
ID12506,47,MALE,SUBURBAN,36599,YES,3,YES,YES,YES,YES
ID12507,52,MALE,SUBURBAN,45856.1,NO,1,YES,YES,YES,YES
ID12508,31,MALE,SUBURBAN,22362.3,NO,0,NO,YES,YES,YES
ID12509,41,FEMALE,SUBURBAN,21984,YES,1,YES,YES,NO,YES
ID12510,23,MALE,SUBURBAN,11073,YES,2,NO,YES,NO,NO
ID12511,27,FEMALE,INNER_CITY,18158.5,NO,1,YES,YES,YES,YES
ID12512,22,MALE,INNER_CITY,7304.2,NO,0,YES,YES,YES,NO
ID12513,67,FEMALE,INNER_CITY,58092,YES,3,YES,YES,YES,YES
ID12514,26,FEMALE,INNER_CITY,16518.6,YES,0,YES,NO,YES,YES
ID12515,58,FEMALE,RURAL,46461.5,YES,0,NO,YES,YES,NO
ID12516,27,MALE,RURAL,20058.7,YES,0,NO,NO,YES,NO
ID12517,36,MALE,INNER_CITY,23098,NO,0,YES,YES,NO,NO
ID12518,31,MALE,RURAL,22848.5,YES,1,YES,NO,NO,YES
ID12519,28,FEMALE,TOWN,25699.4,NO,0,YES,YES,YES,YES
ID12520,57,MALE,TOWN,43042,YES,1,YES,YES,NO,NO
ID12521,64,FEMALE,INNER_CITY,17096,YES,0,YES,YES,YES,NO
ID12522,49,MALE,INNER_CITY,15687,NO,1,NO,YES,NO,YES
ID12523,28,MALE,INNER_CITY,11411,YES,1,YES,NO,NO,NO
ID12524,37,FEMALE,INNER_CITY,43940.6,NO,0,YES,YES,NO,NO
ID12525,20,MALE,TOWN,18984,YES,1,YES,YES,NO,YES
ID12526,44,FEMALE,RURAL,44026,YES,2,NO,YES,YES,NO
ID12527,65,MALE,TOWN,29866.3,YES,3,NO,YES,NO,NO
ID12528,53,FEMALE,INNER_CITY,32184.4,YES,2,YES,NO,NO,YES
ID12529,34,FEMALE,INNER_CITY,17308.7,YES,1,NO,NO,NO,YES
ID12530,37,MALE,RURAL,36461,NO,2,NO,YES,NO,NO
ID12531,48,MALE,TOWN,28920.6,YES,0,NO,YES,NO,NO
ID12532,64,FEMALE,TOWN,58367.3,YES,1,YES,YES,NO,YES
ID12533,27,MALE,SUBURBAN,16849.3,NO,0,YES,YES,NO,NO
ID12534,42,FEMALE,RURAL,28138.5,YES,0,NO,NO,NO,YES
ID12535,47,MALE,INNER_CITY,23038.2,YES,0,YES,YES,NO,NO
ID12536,23,MALE,TOWN,28489,YES,2,YES,YES,YES,NO
ID12537,35,MALE,INNER_CITY,24052,YES,0,YES,NO,NO,YES
ID12538,64,FEMALE,INNER_CITY,31415.7,NO,0,YES,YES,NO,YES
ID12539,18,FEMALE,SUBURBAN,30612,YES,1,NO,NO,NO,NO
ID12540,19,FEMALE,SUBURBAN,15417.1,NO,0,YES,NO,NO,NO
ID12541,40,MALE,INNER_CITY,10015,YES,1,NO,YES,NO,YES
ID12542,47,MALE,SUBURBAN,42616,YES,2,YES,YES,YES,NO
ID12543,43,FEMALE,RURAL,36281,YES,0,NO,YES,YES,NO
ID12544,38,MALE,TOWN,47764,NO,0,YES,NO,NO,YES
ID12545,21,FEMALE,RURAL,15797.1,NO,0,NO,NO,NO,YES
ID12546,40,FEMALE,RURAL,31864.8,YES,2,NO,YES,YES,NO
ID12547,52,FEMALE,TOWN,15604,YES,0,NO,YES,NO,NO
ID12548,35,FEMALE,TOWN,30799.5,YES,2,NO,NO,YES,YES
ID12549,53,MALE,RURAL,48971.6,YES,0,YES,YES,NO,YES
ID12550,38,FEMALE,INNER_CITY,34061.4,NO,0,NO,NO,YES,YES
ID12551,42,MALE,INNER_CITY,37413,YES,3,YES,NO,NO,NO
ID12552,43,MALE,TOWN,38540,NO,0,YES,YES,NO,NO
ID12553,59,FEMALE,INNER_CITY,27045.1,NO,0,NO,NO,NO,YES
ID12554,59,FEMALE,RURAL,51284.3,NO,0,YES,YES,YES,NO
ID12555,24,MALE,INNER_CITY,16352.2,NO,0,NO,YES,YES,NO
ID12556,27,FEMALE,INNER_CITY,11866.4,NO,0,YES,YES,YES,NO
ID12557,32,FEMALE,INNER_CITY,14529,YES,0,YES,YES,NO,NO
ID12558,25,FEMALE,INNER_CITY,61554.6,YES,2,NO,YES,NO,NO
ID12559,18,MALE,SUBURBAN,36988,NO,1,NO,NO,YES,NO
ID12560,66,FEMALE,TOWN,46963.9,YES,0,NO,YES,YES,YES
ID12561,41,MALE,INNER_CITY,23475.6,YES,2,YES,NO,NO,YES
ID12562,64,FEMALE,INNER_CITY,24554.1,YES,0,YES,YES,NO,NO
ID12563,23,MALE,INNER_CITY,18050,YES,0,YES,NO,YES,YES
ID12564,29,FEMALE,INNER_CITY,15237.6,YES,2,YES,NO,YES,NO
ID12565,28,MALE,TOWN,20555,NO,0,YES,YES,YES,YES
ID12566,57,FEMALE,TOWN,28421.7,YES,2,YES,YES,YES,NO
ID12567,38,MALE,INNER_CITY,21876.5,YES,0,NO,NO,YES,NO
ID12568,34,FEMALE,RURAL,12810.2,NO,3,NO,YES,YES,YES
ID12569,43,MALE,SUBURBAN,15109.4,YES,1,NO,NO,YES,YES
ID12570,63,MALE,TOWN,37414.7,YES,3,YES,YES,YES,NO
ID12571,62,MALE,INNER_CITY,26923,YES,0,NO,NO,YES,NO
ID12572,51,FEMALE,INNER_CITY,25372.8,YES,0,YES,YES,YES,NO
ID12573,61,MALE,INNER_CITY,21139.8,YES,2,YES,YES,NO,NO
ID12574,41,FEMALE,TOWN,32554,NO,0,NO,YES,YES,YES
ID12575,31,FEMALE,TOWN,22678.1,YES,1,YES,YES,YES,YES
ID12576,33,FEMALE,TOWN,12178.5,YES,0,NO,YES,YES,NO
ID12577,43,MALE,RURAL,26106.7,YES,1,NO,NO,YES,YES
ID12578,40,MALE,INNER_CITY,27417.6,YES,0,NO,YES,NO,NO
ID12579,47,MALE,TOWN,27107,YES,3,NO,YES,YES,NO
ID12580,29,MALE,INNER_CITY,43395.5,YES,1,YES,YES,YES,YES
ID12581,30,MALE,RURAL,11536.2,YES,2,NO,NO,YES,NO
ID12582,47,MALE,INNER_CITY,44658.6,NO,2,YES,YES,NO,YES
ID12583,44,MALE,RURAL,15721,YES,0,NO,YES,YES,NO
ID12584,23,MALE,INNER_CITY,16403.8,YES,0,YES,YES,NO,NO
ID12585,28,FEMALE,INNER_CITY,21184.7,YES,1,YES,YES,YES,YES
ID12586,64,FEMALE,INNER_CITY,49917.3,YES,0,YES,YES,YES,NO
ID12587,35,FEMALE,TOWN,18260,YES,0,NO,YES,NO,NO
ID12588,19,MALE,RURAL,16625.9,YES,1,NO,NO,YES,YES
ID12589,27,FEMALE,TOWN,14014.5,YES,3,NO,YES,NO,NO
ID12590,27,MALE,RURAL,23492,YES,2,NO,NO,NO,YES
ID12591,58,FEMALE,INNER_CITY,31671.3,YES,1,YES,YES,NO,YES
ID12592,40,FEMALE,TOWN,17149.2,NO,1,YES,YES,YES,YES
ID12593,61,FEMALE,TOWN,27756.3,YES,0,NO,YES,NO,YES
ID12594,59,FEMALE,INNER_CITY,41564,NO,0,NO,YES,YES,YES
ID12595,47,FEMALE,RURAL,43743.2,YES,0,NO,NO,NO,NO
ID12596,44,MALE,INNER_CITY,38459.9,YES,0,NO,NO,NO,YES
ID12597,50,MALE,TOWN,40972.9,YES,4,YES,YES,YES,YES
ID12598,36,MALE,INNER_CITY,46587.9,NO,0,NO,YES,YES,YES
ID12599,37,FEMALE,TOWN,43799.6,YES,0,NO,YES,YES,NO
ID12600,46,FEMALE,INNER_CITY,11858,YES,2,YES,NO,YES,YES
ID12601,39,FEMALE,INNER_CITY,27765.8,YES,3,NO,YES,NO,NO
ID12602,58,FEMALE,INNER_CITY,33007.3,NO,1,YES,NO,YES,YES
ID12603,32,FEMALE,INNER_CITY,40927,YES,0,YES,NO,NO,NO
ID12604,22,FEMALE,INNER_CITY,27778,NO,0,YES,YES,NO,NO
ID12605,50,FEMALE,INNER_CITY,59805.6,YES,1,NO,YES,YES,YES
ID12606,43,FEMALE,INNER_CITY,28658.3,YES,3,YES,YES,YES,NO
ID12607,59,FEMALE,INNER_CITY,12003,YES,0,NO,NO,NO,YES
ID12608,34,MALE,INNER_CITY,11595.4,NO,0,YES,YES,NO,YES
ID12609,60,MALE,SUBURBAN,50409.9,NO,2,NO,YES,YES,YES
ID12610,23,FEMALE,INNER_CITY,17229,YES,0,YES,YES,YES,YES
ID12611,29,FEMALE,TOWN,13327.8,YES,0,NO,YES,NO,NO
ID12612,44,MALE,RURAL,37986,YES,3,NO,YES,YES,NO
ID12613,63,FEMALE,TOWN,43943,YES,0,YES,YES,YES,NO
ID12614,25,FEMALE,RURAL,14505.3,NO,3,NO,YES,NO,NO
ID12615,37,MALE,INNER_CITY,33886.4,YES,0,YES,YES,NO,YES
ID12616,48,FEMALE,INNER_CITY,16662.5,YES,1,NO,YES,YES,YES
ID12617,35,FEMALE,TOWN,20262.6,YES,0,NO,YES,YES,YES
ID12618,51,MALE,TOWN,33615.4,YES,1,NO,YES,NO,YES
ID12619,27,FEMALE,SUBURBAN,22007.1,NO,3,YES,NO,YES,NO
ID12620,56,MALE,INNER_CITY,28981.1,YES,3,YES,YES,YES,NO
ID12621,38,MALE,INNER_CITY,12163.9,YES,2,YES,NO,YES,YES
ID12622,36,MALE,TOWN,22681,YES,2,YES,YES,YES,NO
ID12623,45,MALE,SUBURBAN,12683.6,NO,3,YES,YES,YES,NO
ID12624,34,FEMALE,TOWN,16291,YES,0,YES,YES,NO,NO
ID12625,35,MALE,SUBURBAN,14574,YES,0,YES,YES,YES,YES
ID12626,43,FEMALE,INNER_CITY,19326.9,YES,1,NO,NO,YES,YES
ID12627,32,MALE,INNER_CITY,14511.8,NO,0,NO,YES,NO,NO
ID12628,21,FEMALE,TOWN,10672,NO,0,NO,NO,YES,NO
ID12629,30,FEMALE,INNER_CITY,25830.5,YES,2,YES,NO,YES,NO
ID12630,55,MALE,RURAL,36812,YES,1,YES,YES,YES,NO
ID12631,49,MALE,RURAL,59175.1,YES,1,NO,YES,YES,YES
ID12632,36,FEMALE,INNER_CITY,27642.9,NO,1,YES,NO,NO,YES
ID12633,59,MALE,RURAL,30067.5,NO,1,NO,YES,YES,YES
ID12634,60,MALE,INNER_CITY,29714.4,YES,0,YES,NO,YES,YES
ID12635,43,MALE,TOWN,41096,YES,1,YES,YES,YES,NO
ID12636,29,MALE,INNER_CITY,10072.6,YES,0,NO,NO,YES,NO
ID12637,35,FEMALE,INNER_CITY,47145,NO,1,NO,YES,YES,YES
ID12638,61,MALE,RURAL,57176.4,NO,2,NO,NO,YES,YES
ID12639,45,FEMALE,INNER_CITY,38784,YES,0,NO,YES,YES,NO
ID12640,40,MALE,INNER_CITY,10191.8,YES,0,NO,YES,YES,YES
ID12641,48,FEMALE,INNER_CITY,21821.4,YES,1,YES,YES,NO,YES
ID12642,39,MALE,RURAL,37389,YES,2,NO,YES,YES,YES
ID12643,32,MALE,INNER_CITY,14627.9,YES,2,YES,YES,YES,NO
ID12644,63,MALE,INNER_CITY,48770.5,YES,1,YES,YES,NO,YES
ID12645,46,MALE,RURAL,21096.2,YES,1,YES,YES,YES,YES
ID12646,44,MALE,INNER_CITY,36256.9,NO,0,YES,NO,NO,YES
ID12647,27,FEMALE,INNER_CITY,15281.8,NO,0,YES,YES,NO,YES
ID12648,22,MALE,SUBURBAN,9316.98,YES,2,YES,YES,YES,NO
ID12649,42,MALE,RURAL,20736.2,YES,1,YES,YES,YES,YES
ID12650,58,FEMALE,TOWN,52662.5,YES,1,YES,YES,YES,YES
ID12651,23,FEMALE,INNER_CITY,8020.19,YES,1,YES,NO,YES,NO
ID12652,58,MALE,SUBURBAN,32245.4,YES,3,NO,NO,NO,NO
ID12653,45,MALE,INNER_CITY,41107.2,YES,3,YES,YES,YES,NO
ID12654,49,FEMALE,SUBURBAN,39358.3,YES,0,YES,YES,NO,NO
ID12655,32,FEMALE,INNER_CITY,36095.9,YES,3,YES,YES,YES,NO
ID12656,20,FEMALE,TOWN,7723.93,YES,2,YES,YES,YES,NO
ID12657,43,FEMALE,INNER_CITY,18565.8,YES,1,YES,YES,YES,YES
ID12658,41,MALE,RURAL,25132.9,YES,0,NO,NO,YES,NO
ID12659,38,FEMALE,SUBURBAN,31290.6,YES,0,NO,YES,YES,NO
ID12660,47,FEMALE,RURAL,24858.4,YES,0,NO,NO,YES,YES
ID12661,40,FEMALE,RURAL,16398.8,NO,1,NO,YES,YES,YES
ID12662,29,FEMALE,SUBURBAN,23287.9,NO,0,NO,NO,YES,YES
ID12663,57,FEMALE,RURAL,50897.6,YES,0,NO,NO,YES,NO
ID12664,47,FEMALE,INNER_CITY,12498,NO,1,NO,NO,YES,YES
ID12665,44,MALE,SUBURBAN,23092.1,YES,0,YES,NO,NO,YES
ID12666,30,MALE,TOWN,24867.6,NO,0,YES,YES,NO,NO
ID12667,36,FEMALE,TOWN,22234.7,YES,0,NO,NO,YES,NO
ID12668,19,FEMALE,INNER_CITY,21063,YES,2,YES,YES,YES,NO
ID12669,37,FEMALE,TOWN,29574,YES,0,YES,YES,YES,NO
ID12670,49,MALE,INNER_CITY,17944.2,NO,1,YES,YES,YES,YES
ID12671,49,FEMALE,RURAL,33665.5,NO,3,YES,NO,YES,NO
ID12672,40,FEMALE,INNER_CITY,36166.2,YES,0,YES,NO,NO,NO
ID12673,33,FEMALE,RURAL,22457,NO,0,NO,YES,YES,YES
ID12674,39,MALE,INNER_CITY,22400.7,YES,3,YES,YES,YES,NO
ID12675,43,FEMALE,INNER_CITY,28469.9,YES,0,YES,YES,YES,NO
ID12676,37,MALE,TOWN,45661,YES,0,NO,NO,YES,NO
ID12677,24,FEMALE,TOWN,19160.3,YES,1,YES,YES,YES,YES
ID12678,62,MALE,TOWN,45342.5,YES,0,YES,YES,NO,YES
ID12679,18,MALE,RURAL,6294.21,NO,0,NO,YES,YES,NO
ID12680,47,FEMALE,TOWN,18987,YES,0,YES,NO,NO,NO
ID12681,63,MALE,SUBURBAN,51879.3,YES,2,YES,YES,NO,YES
ID12682,39,MALE,TOWN,12644.9,YES,2,YES,NO,YES,NO
ID12683,46,FEMALE,TOWN,21984.4,NO,3,NO,YES,NO,NO
ID12684,38,FEMALE,RURAL,39607,NO,2,YES,YES,YES,NO
ID12685,33,FEMALE,TOWN,23528.4,YES,1,YES,YES,YES,YES
ID12686,41,MALE,TOWN,9516.91,NO,3,YES,YES,YES,NO
ID12687,20,MALE,INNER_CITY,18364.9,YES,1,NO,NO,YES,YES
ID12688,43,FEMALE,TOWN,31273.8,NO,1,YES,YES,NO,YES
ID12689,58,MALE,RURAL,40202,YES,0,NO,YES,YES,NO
ID12690,32,MALE,INNER_CITY,12623.4,YES,1,YES,YES,YES,NO
ID12691,25,MALE,INNER_CITY,23818.6,YES,0,NO,NO,NO,NO
ID12692,40,FEMALE,INNER_CITY,31473.9,YES,2,NO,YES,YES,YES
ID12693,48,MALE,TOWN,20268,YES,0,NO,NO,YES,NO
ID12694,65,MALE,SUBURBAN,51417,YES,2,NO,NO,NO,YES
ID12695,59,FEMALE,INNER_CITY,30971.8,YES,1,YES,YES,YES,NO
ID12696,61,FEMALE,INNER_CITY,47025,YES,2,YES,YES,YES,NO
ID12697,30,FEMALE,INNER_CITY,9672.25,YES,0,YES,YES,YES,NO
ID12698,34,FEMALE,TOWN,15976.3,YES,0,YES,YES,NO,YES
ID12699,29,MALE,INNER_CITY,14711.8,YES,0,YES,YES,NO,NO
ID12700,37,MALE,INNER_CITY,26671.6,NO,0,YES,NO,YES,YES
